Wallet,Balance,Diamond Keys,Gold Keys,Silver Keys,Bronze Keys
FXrLZZcCkzWdUuZg4JgQhWJ1dNn3dzmvPee88KtR4Vpo,20000000.0,20.0,40.0,80.0,200.0
6ZiX8i6n31HZJb4n1BFvZi8DbBPHuqpad8NJT2wJVwtt,609727.18,0.0,1.0,2.0,6.0
9nAkRVowRuBvoitFb2wbJioSCdWhQfV3JX1jDRfxkJkD,244363.76,0.0,0.0,0.0,2.0
Eu6da6iFXkHizf9a3ghrkjmnyMSRF1CXHHveKmTLjjue,1000000.0,1.0,2.0,4.0,10.0
8DfrXkJZqQs3zSyobSDuxeixZxEvaeQSvcmeGVLKXDB3,100000.0,0.0,0.0,0.0,1.0
J3uSP6SWRT2SBGqPsm5JkmiA3G4rZPHaM1LKKHwEbnGj,142523.36,0.0,0.0,0.0,1.0
CSUAd6SEjFcDoEiYLnn7nEKqZNTGim5GANNBiyuyRBkR,38850000.0,38.0,77.0,155.0,388.0
ESuTR91ijEGXn3jAu1BEb2ihrASyy7r2oVkTzQnBEbkq,15108.91,0.0,0.0,0.0,0.0
45ruCyfdRkWpRNGEqWzjCiXRHkZs8WXCLQ67Pnpye7Hp,157.2,0.0,0.0,0.0,0.0
D6hAxQc8nmHYdt7Ud8U5nL1XaD4ZaWZJCNym65bbAhQu,619.87,0.0,0.0,0.0,0.0
21AGbCtEsmMjTEBD9Bk84uBKbTm2tndpqvqRsw8uroc4,130596.96,0.0,0.0,0.0,1.0
RiPS5ULmwPsAE2YDntZCmf3RTnzSFDThM9Ei1mr4Fx3,3679000.0,3.0,7.0,14.0,36.0
DknAqKnVq6AjGkjvSE4vWotRdZWfL8h4tBEZbLrENzue,61000.0,0.0,0.0,0.0,0.0
ET6rgr6uqLw96vmXtSx6JDwEzR5dFtN5hcWstEMqmF3i,160893.82,0.0,0.0,0.0,1.0
8FHzwwEeCiM7vYabzavzTMcJZM1MuqkB7wcFbwjM2ohz,486.36,0.0,0.0,0.0,0.0
4V64cGnSjXbtGRazGZqV3r2AECyaUfEcBRvp3Zj5edSN,100000.0,0.0,0.0,0.0,1.0
Cut6Mbwn6CupqoPY28XMWhD6xZy4w9YRZa32pg2rttp6,216116.89,0.0,0.0,0.0,2.0
6Ufdgs46M67ZkBfMo982xAL9zJXgECmfeDYzJJtnNbSx,4912.71,0.0,0.0,0.0,0.0
62wcKZznsTG8pRGbuidaxwcDranSf4eoN6CmP1JJM5KM,559489.88,0.0,1.0,2.0,5.0
Gt9brso6hHoZSrPzxhvCKq5c2mbkEYKr41baWDRnwBgV,55130.11,0.0,0.0,0.0,0.0
FAebbphGexx4LUTdQscLR8U14k1GnSBA7pZUDa24F4gr,4256.06,0.0,0.0,0.0,0.0
GDvUGS83cT7SkxH1eUar2andqsjF7DxucK33KqkJk1Tw,259067.15,0.0,0.0,1.0,2.0
2YhwmSVUA23YfJtcQqVWHazLCrwRJgoQv7JsiesH5PQS,1.0,0.0,0.0,0.0,0.0
Anpxpju46CstwgK9xqZRZd5PKfntwzeXTZiuGdVp9Axo,70605.19,0.0,0.0,0.0,0.0
J6Dw4NGEq1NqHPhfQmuk2YTWJuhQ1et7ZoaiTX64scn3,0.48,0.0,0.0,0.0,0.0
6TMFS3HzmEtyzf3Xqi5KhJ57qEuVN7dr4JucCtKhrHYx,1519333.03,1.0,3.0,6.0,15.0
8ZTTiihxxPw5v4FKe7NSY1CiuRER9m3kUX5n5orfpCDo,722607.52,0.0,1.0,2.0,7.0
G3CwK1Td9DrXyu3XdGMUaa6HenPtBUDLAaqX1xAUEWU,59863.23,0.0,0.0,0.0,0.0
3F3Bzt4PSPfbHiLw9PbgChNn1tSdVjr5HfkWofCDibWi,57700000.0,57.0,115.0,230.0,577.0
JCvGLsqJx4KwXa6maWWL2Q13JrnPk1SwZL9dRzPCSVAP,158143.35,0.0,0.0,0.0,1.0
8WZvGVoTAgwXQqdimdVdsoXdkvPhboJYHqdeDZRBtxGc,59539.99,0.0,0.0,0.0,0.0
2ZuWA2gsLmP1RQM9FUxTakm9BoVphYcCgb51UAJddvNy,1600603.94,1.0,3.0,6.0,16.0
666vRakLBs8yPiV1SAbMXEw75K4DETBoVnDKsbbDG53C,20193.06,0.0,0.0,0.0,0.0
B2Ug7VUb9DBGkwPGk2C9xHBUJbehwkRxNbzjguJiGLq5,116526.04,0.0,0.0,0.0,1.0
5QhGhsH13SJ5ZytfzmqrTWXo8NHugv3arJ4PdfKbn7Pp,1000000.0,1.0,2.0,4.0,10.0
Crw7YMJgAnM8idDhAE96or232gduL9r8qjArueoaVwRv,30218.49,0.0,0.0,0.0,0.0
CWTUxK3sfy6drtByuVkLpvDFa83CsJvBBBQ33e3gns8W,194.08,0.0,0.0,0.0,0.0
DmyNeuUcsg1WQXXThepJ8Hd2Ls1eb5mQF1DWohzNtY2v,418972.81,0.0,0.0,1.0,4.0
At951TZXXXzgkbPUx9Z58dBhTYp4N45uhQGT6cTJa8PD,2963494.0,2.0,5.0,11.0,29.0
FoV7DY64urWeHCnBKCRQ7r7wLwkUwUByrRktqhA1CLMm,2586779.25,2.0,5.0,10.0,25.0
HYP8Cie7DABBCGJzevAA1E2b4Rz4muPexBptjraFmkLm,3750.0,0.0,0.0,0.0,0.0
A3TBJjoPrhtLfkvpxV2jS52YLjDkMcmYCAdGf6uopswL,3508376.41,3.0,7.0,14.0,35.0
AXE7bfFiTEjHSxQ2u1sHBy7LFUfUu1TyxaFEJjhxgzrT,103432.1,0.0,0.0,0.0,1.0
CRJ1BqFaBRK9vaJCmfaxZU7dvKpKpBUjYmtL8ZHkkqk3,157981.28,0.0,0.0,0.0,1.0
59n6qMpviEATK6zaqb6rbYRmgFo8YcjmWbJuCDZBgbtq,105046.96,0.0,0.0,0.0,1.0
77AmWPeX77FEurXADdhHChmibMxR55MBYrycrzEcDjL7,11065750.0,11.0,22.0,44.0,110.0
9SnsvN6x69DF9qQ7PRj8TtK6xNhtSSLJM6K9HrdAJ7pX,12500.0,0.0,0.0,0.0,0.0
2y5aRivbty98FNMuHcuBZBxau3HWBAmVPSWFHf2EPuzo,100000.0,0.0,0.0,0.0,1.0
ABpxQ7mnrpWdgvyMeViXasHGiQDefcHCcbe5FoQnNHC9,100000.0,0.0,0.0,0.0,1.0
DbD3XjVYnesq7cqQbyHtPZmTtPnkJxrgFzuvG6Nvb4kV,17678.04,0.0,0.0,0.0,0.0
7vDi583CHL9ahBq6yW4rgM2cjePWfoJi6fKihfdEU8xu,139874.11,0.0,0.0,0.0,1.0
FErtk5FmvaKfDXGPisxT77S6HqzCVxh9Vu5zDPENR9AF,101949159.45,101.0,203.0,407.0,1019.0
DET9HxwiCS92pG2iYYjzW54p1DZyKZmehwnFmnmT5KWk,5000000.0,5.0,10.0,20.0,50.0
Bd2n7MWL4AuiooTeRDeUoqiwtf2Tw2fxwTQeAFbSPPYL,172943.08,0.0,0.0,0.0,1.0
GsF5qLRkBh3Ae3G1aHCGcTcmhHaoMCj377h16ux8YpUB,560978.98,0.0,1.0,2.0,5.0
8yyLrE59ST1pHmFbdvMGiYrn3PQy16RRHJGbXuC54Vgc,15135000.0,15.0,30.0,60.0,151.0
GFKTpAYCwoa25WC1KRSyM4zshJrbayMbv9irUPjZatg7,155400000.0,155.0,310.0,621.0,1554.0
8TPbsGrWTXF9QsqDP3kuMZMdib9qb2u9sPHsKgHy5fnP,11937.9,0.0,0.0,0.0,0.0
EExfXmtA5JXVgo5QmqbNta33u2EuXaDTRPRSy2eURzF1,20145.21,0.0,0.0,0.0,0.0
8egw6BAPLpdZKBZNgwAARkWhpEN9xiiW7mDjw4unmFbr,5045.18,0.0,0.0,0.0,0.0
7Mm3Vy7fQafa4N86TWY9BFv1rTHdVd5LyJNZc8WEK3aN,100000.0,0.0,0.0,0.0,1.0
8MzgSzUYeyjBe4XozXTpq5UXiHe9LRxnpdpTygdLCgBS,4001097.81,4.0,8.0,16.0,40.0
G7cGMWTb9xuChQfmmjuL7mhkkWUHR86iJ2VFPAYPJX6W,1000000.0,1.0,2.0,4.0,10.0
Bn2v5n271w6Q8HDX5xpsY3pP2L47guc7Vr6qBU8wB3b5,60000000.0,60.0,120.0,240.0,600.0
3n3hpZSJVaPetqNLihK26iSHrxw7ieBxugY4YnxLCgjv,527000.0,0.0,1.0,2.0,5.0
7h8qt8t7NcnYR2oFRNaQtzdXJg4yVqoU2x512RcsK5bn,39301.74,0.0,0.0,0.0,0.0
EWEDZNCCLFvGqSaqRMq9Q3xacB4KSgThfy4Zo1xuWPtA,2651.31,0.0,0.0,0.0,0.0
12yMfm8cnoiti8EeZGQgNCtVvcT939wCgofyeXnV4kRb,10325.99,0.0,0.0,0.0,0.0
9u5cY3AoayBJMtSZuPuxNjyrSdgAktFcRRWugreBCrhZ,875000.0,0.0,1.0,3.0,8.0
2anPq3BMd2syfEbE5oLAtREMfRHkkjGvr3MG7ekXfzqn,14324.08,0.0,0.0,0.0,0.0
3tJEJodrPVrz8xMSav1wphY58utzeBjFjXjsaUxkrKQj,242428.94,0.0,0.0,0.0,2.0
6wz1W2KkXG6uA44JqJtUDPta2WApaSGRDAVi3RMQ4pTA,88195.48,0.0,0.0,0.0,0.0
BbvmFXDVSz7tRvjpinYwm6C84c1fwbYjRReNH5ECyB1f,9948.25,0.0,0.0,0.0,0.0
39GN3WfbbEW1ZHa4LDuHqcvCQU9aGqi9ZsAwm924gFb3,162121.65,0.0,0.0,0.0,1.0
82MNk63zfmyGKMC5jLTJU5SPW7LhXXwadTu2cUVFnwjv,108000.0,0.0,0.0,0.0,1.0
AfQ1oaudsGjvznX4JNEw671hi57JfWo4CWqhtkdgoVHU,201.13,0.0,0.0,0.0,0.0
3JHUsWxip9TUMzLdEWy2HLpFyzex1aruv5YeyZ8LR7dE,68891.11,0.0,0.0,0.0,0.0
Am7eCqnpMFHFpmbdCfH1o1peS2Yc5ZCqbuVfnvVwYsWD,23938.17,0.0,0.0,0.0,0.0
J3utUzbndWovJpzMHaWMZCa5m3ZbuYNp9ntrJJrDX3rv,175000.0,0.0,0.0,0.0,1.0
E2hE7aEqUHKB28PRYSdKw8ysMjKvkUNYbsaqVjQGMYJ3,14800000.0,14.0,29.0,59.0,148.0
AxHW2Kw7TJJSdxTfgjJCcy9wWSSTpYbAin7cg2KamnoN,174095.0,0.0,0.0,0.0,1.0
76xdfwdosSB7TmwSkV7S9WuddJfAEsT8vxXq3VmuYNTq,5000.0,0.0,0.0,0.0,0.0
89ibnuGu7PHNShFxZTbkYJEfEziyFtzqiyzV4Eo4vWyS,100000.0,0.0,0.0,0.0,1.0
7EV1TR9NqHdn75YxxkDmrQLUBPz2UHCQ8rJXX36WBA9n,550000.0,0.0,1.0,2.0,5.0
J8jgV4kvs5YxBo82mj8hTtwytPeFazXGiSYBcj3v39GQ,60000.0,0.0,0.0,0.0,0.0
GAUxKLAUShGLYicb9V2PVuXpvcs6iiF4EuD7Z9kJWYkZ,349362.23,0.0,0.0,1.0,3.0
BEUkPKVcJns6xPaGvmPDjRGc5ApjrGAyzHni2Y9mxsbS,792515.11,0.0,1.0,3.0,7.0
CpoD6tWAsMDeyvVG2q2rD1JbDY6d4AujnvAn2NdrhZV2,485.44,0.0,0.0,0.0,0.0
1nc1nerator11111111111111111111111111111111,147175000.0,147.0,294.0,588.0,1471.0
HLZgrYsnPNwhXf1ZzprjctzWiinn9koanwGxowhKrFky,50000.0,0.0,0.0,0.0,0.0
4XLfAGB5WcNvPPuGq4YqcRGzhNgNrfbegMJo6tYMSr9H,128231.23,0.0,0.0,0.0,1.0
wR7hn9Cqo2Djaon7xmMdZQuvHTRXBLNQRDcuhYF1s4R,117884.96,0.0,0.0,0.0,1.0
8drsJcYJSaQqnN5JpCE7ef1hb8QaGp8P2G123aNGcF5v,328627.13,0.0,0.0,1.0,3.0
F5eMeTrbK3epQuMg6mdeBkEG3cmLUrWAePtLHyYpccJG,8769592.63,8.0,17.0,35.0,87.0
3dvXXmr9EEeGKqVxXyoG65raTYsT7gQpGd6vMrvsYtXR,100000.0,0.0,0.0,0.0,1.0
ABJLJsxisfFrPoQEUToJJacAdLdEA86s5BTMrnpCq9p1,35011626.46,35.0,70.0,140.0,350.0
8DTe71ZGJidCw3vPZpA9a6FAy7FcwG9vV5xWdWsaWGyB,466159.1,0.0,0.0,1.0,4.0
G86J7YXgPToCcskjKDixU3xrTuc9wREUWJJoxZfoC2dG,19251.07,0.0,0.0,0.0,0.0
BAp7DpJQjjdfdbCiftdAUdH9oKPGmqeZEAkUtafNTDCZ,708900.04,0.0,1.0,2.0,7.0
bxysiSReXSguuo1e2nij6ohZzgCL32ZfYhQjpSg6Vqh,100000.0,0.0,0.0,0.0,1.0
Fvznf6WDdvYnAFzDin39T9WtxhCZBp4ygstzSbiqvZYN,34100.75,0.0,0.0,0.0,0.0
HJiMsb29cdoCuWHBd6CkPM7X1DxbhStAsYnFdgfz4g1o,9825.43,0.0,0.0,0.0,0.0
9WfNU876NKEW2cP1QVX1J4vbEmSy9zoSAtWXk5Wk6PLe,3003885.08,3.0,6.0,12.0,30.0
Bzs5vWgEXFZriVjsJWABfDbUxfi3YMhGT5gJLHTdAkYi,131832.37,0.0,0.0,0.0,1.0
5A6MJi2VC2mDNg9u2UmATu4cvs9qSMHbZ2NtG8jKExD6,232334.93,0.0,0.0,0.0,2.0
HyeqVT4hXEKjnsJUZcggTqMT7Em3RJB7gVDqp67tDKun,67565.96,0.0,0.0,0.0,0.0
3fJZiT79BZR7hu7ozjyr6usFpycyGYaaEBvqg5SjHVJj,200000.0,0.0,0.0,0.0,2.0
6CtFcCnh3AfZJvgh2mq2XgYMeXEeCoqMiMda8dBSCZzM,104076.1,0.0,0.0,0.0,1.0
8Xh45upaKsymaCXBFFEiC3wxMR1MVBd7DbrafzsYzogh,52500.0,0.0,0.0,0.0,0.0
DW2kREJs59if8iMWp6sDx3YeaRT5eLse24uLhJ4C6Xwx,4919999.99,4.0,9.0,19.0,49.0
FacQ45XhxvN5TxxyWhSSujLDtH8FLzGAs3vCezW2qpbK,27214.09,0.0,0.0,0.0,0.0
7jFZmXFm1oEBwpDkq5y179KyPsuQYFqd4k6UvUBy4La9,450600.0,0.0,0.0,1.0,4.0
D6UNVrMkYrfo5BxakTyyhSJy5UxBuudL6mdUqkUdUpBj,42035.83,0.0,0.0,0.0,0.0
HPF3EgLadiQ6LE67Pv229UntFG74TB2zwJjSLtDnXNv9,22991.96,0.0,0.0,0.0,0.0
7Hne97zXtX8m611vfkLaKkj9Soxqezvnh3L7sSASVsjE,17500.0,0.0,0.0,0.0,0.0
3gHAQsytjBgQo2ZcRkohAeBzPi91mu2ukomU2nx78Se3,1481.56,0.0,0.0,0.0,0.0
DrwomYwRMGtCXqmv7dGqgmsUXQ1yx8m6oCzXukpa5Dsz,26250.0,0.0,0.0,0.0,0.0
5RNT63suURie8nDx39upiBDaT2np8vAhQqijWeCaZTF9,5127841.44,5.0,10.0,20.0,51.0
2bx7vXzQjtMRFsNNiTPuix5K8R2BJD3iDvkRHiQeS471,25598.15,0.0,0.0,0.0,0.0
ZG98FUCjb8mJ824Gbs6RsgVmr1FhXb2oNiJHa2dwmPd,8484.16,0.0,0.0,0.0,0.0
8Snefg4XUQjAQCmTUcWAiFcHbCGRjmteRV98jipcYii8,9466625.0,9.0,18.0,37.0,94.0
98D23VZt8tHGBhoKEghCZmk9LLsKQJdhuGj8eLpGF7CK,8842.89,0.0,0.0,0.0,0.0
DBuPGEewQ7EdjFj2aYFn6n9xLrh6hdGri4nZiNWHmKvi,260732.88,0.0,0.0,1.0,2.0
4NJQPs5WSq3qWJYfrcEHbpTfoboyag5nAsBKsKr9n6jU,335997.92,0.0,0.0,1.0,3.0
Ai6aWnduYPgSX4Zy6DxBJnDFNhmXtbRhaaFL6jsdizkg,12274175.16,12.0,24.0,49.0,122.0
Dymi1UcNbvpJuaFJyjSW3BaT7pcMMTcLieMQPxdpBYrn,541161.89,0.0,1.0,2.0,5.0
